{"loss_entropy":4.9375,"_step":0,"step":1,"lr":0,"_runtime":4.351893081,"epoch":1,"_timestamp":1.744073546822663e+09,"loss":8.78125,"loss_ce":6.03125,"_wandb":{"runtime":22}}